528.431,1.67564,1.78362,370.351,850.381,-0.000321918
668.049,1.61934,1.11356,406.885,865.834,20.0032
666.55,2.02631,1.43618,426.827,846.856,78.2524
754.729,1.60008,1.8433,485.111,857.495,26.6546
941.215,1.45062,1.07502,433.503,854.474,-404.034
0,0,0,0,0,-13.4939
790.643,1.81877,1.19258,393.45,883.663,23.1781
512.646,1.74741,1.42847,430.116,881.756,32.9546
813.922,1.49493,1.2558,439.85,868.784,31.8338
976.424,1.53144,1.01928,438.678,853.041,-11.0153
824.301,1.34032,0.987675,395.788,840.861,33.5538
789.963,1.67587,1.44976,440.441,866.073,3.34095
787.138,1.67846,1.1304,410.19,854.593,-2.40687
799.512,1.84255,1.11447,404.436,852.84,11.4184
823.453,1.67957,1.20568,418.261,852.563,14.996
719.043,1.9625,1.28388,421.885,866.868,43.264
840.425,1.41489,1.10762,450.155,867.338,27.1348
903.618,1.25359,1.44478,433.956,846.199,62.7189
928.366,1.52176,1.194,469.565,853.6,-404.034
0,0,0,0,0,33.8412
896.329,1.5893,1.37753,440.736,868.433,21.1589
831.355,1.70027,1.52919,428.095,881.128,27.9383
1010.21,1.36654,0.925538,434.863,877.508,28.1184
796.191,1.78954,1.23665,434.999,864.096,27.856
1046.09,1.5364,0.913629,434.648,837.285,33.6227
924.083,1.23104,1.6013,440.477,856.288,25.3715
840.255,1.63901,1.44247,432.282,873.449,46.9378
944.778,1.64402,1.21142,453.893,886.978,51.9554
744.531,1.29714,1.17717,458.674,814.909,-404.034
0,0,0,0,0,27.7395
1045.24,1.40938,1.21933,434.634,868.579,21.6133
847.296,1.60951,1.30213,428.48,859.92,43.4615
879.95,1.33035,1.42897,450.26,839.329,12.5031
790.35,1.44022,1.33036,419.238,820.01,-404.034
0,0,0,0,0,54.8163
677.356,1.4621,1.35578,461.554,820.826,22.0411
1049.23,1.70809,1.26617,428.882,852.163,47.4636
1070.87,1.31799,1.14307,454.37,872.053,47.3642
1295.36,1.32646,1.07146,454.254,867.026,26.5168
1087.47,1.21288,0.912857,433.303,835.638,53.0555
1172.89,1.53458,1.28204,459.98,877.544,85.5084
914.489,1.59095,1.28938,492.348,851.651,33.3053
1022.7,1.64484,1.43125,440.23,877.71,71.7245
729.204,1.95861,1.46341,478.576,855.157,-404.034
0,0,0,0,0,48.8157
792.555,1.40385,1.48822,455.587,831.039,51.8116
1602.06,1.37654,1.1298,458.665,856.028,36.9729
969.608,1.47167,1.36323,443.876,871.195,8.76871
1170.93,1.2151,1.37992,415.636,860.148,51.538
1122.14,1.44536,1.07708,458.353,844.197,15.4957
1115.63,1.45376,1.38873,422.403,872.424,30.9632
863.89,1.75074,1.29421,437.839,862.895,49.7737
719.064,1.5917,1.35068,456.696,877.019,-5.50972
1116.35,1.3688,1.24699,401.348,857.407,-2.92247
1072.27,1.26446,1.23796,403.905,848.238,22.5026
881.905,1.84294,1.25948,429.333,848.943,55.0885
928.859,1.6777,1.3386,462.006,875.356,64.2709
1011.25,1.58238,1.01632,471.102,849.078,-0.0660477
923.102,1.3767,1.1929,406.714,833.844,-2.65066
804.502,1.72371,1.11301,404.216,860.167,57.4954
1029.28,1.4912,1.24582,464.398,871.004,-404.034
0,0,0,0,0,36.2759
678.237,1.46399,1.18067,443.263,896.5,32.6864
552.196,1.57507,1.4205,439.644,887.668,-1.30394
550.319,1.40752,1.29183,405.561,859.413,-0.250954
941.586,1.70448,1.12895,406.616,860.179,13.2018
943.989,1.55465,1.04753,419.994,837.505,35.4832
828.94,1.52938,1.06028,442.34,857.086,64.0042
766.396,1.42535,1.26582,470.762,826.893,43.9322
828.857,1.60574,1.20419,450.712,833.657,-18.5445
933.681,1.67309,1.22284,388.238,834.627,-404.034
0,0,0,0,0,12.1616
825.49,1.8182,1.33379,418.858,808.384,74.6971
802.973,1.77817,1.27244,481.569,861.402,-404.034
0,0,0,0,0,10.1726
816.258,1.77113,1.36166,416.979,841.857,53.4732
886.96,1.66383,1.37597,460.374,870.446,50.3385
733.854,1.70795,1.34026,457.121,834.548,-404.034
0,0,0,0,0,37.9876
667.531,1.61257,1.35799,444.837,854.672,50.0425
873.418,1.53289,1.23418,456.822,833.604,-13.9704
750.22,1.47105,1.15004,392.844,844.296,-404.034
0,0,0,0,0,41.8069
741.798,1.69349,1.28049,448.578,830.888,-19.0303
809.339,1.53401,1.23088,387.926,887.328,55.8313
776.135,1.40785,0.0873756,462.476,792.472,13.3456
622.046,1.60968,1.25616,420.06,813.657,46.4731
703.588,1.55573,1.40328,453.381,872.369,2.33657
573.7,2.13731,1.31398,409.186,854.809,-25.1525
595.497,1.92489,1.19604,381.701,856.001,35.3992
664.308,1.76865,1.41619,442.181,834.155,49.2486
646.554,1.31229,1.6823,456.116,860.14,-0.361
1089.58,1.33447,0.835847,406.579,882.217,48.2144
965.266,1.38163,1.12673,454.972,826.785,21.1448
805.079,1.46628,1.19397,428.043,869.618,-9.40637
744.531,1.17869,1.5253,397.273,803.233,32.0822
648.143,1.42357,1.19064,438.947,859.34,-404.034
0,0,0,0,0,2.11096
699.096,1.72097,1.24961,408.909,839.291,-404.034
0,0,0,0,0,45.9731
914.841,1.75113,1.23759,452.769,838.591,-404.034
0,0,0,0,0,29.2645
744.436,1.61639,1.12643,436.116,855.304,-404.034
0,0,0,0,0,-8.30807
746.628,1.34631,1.71076,398.622,879.467,-8.26137
682.074,1.52475,0.961089,398.461,816.156,42.5529
678.269,1.39904,1.35265,449.155,779.637,38.17
785.471,1.63277,1.32168,444.957,835.683,81.4531
856.763,1.57334,1.2968,488.142,805.942,51.292
971.621,1.45792,1.04341,458.167,862.515,-404.034
0,0,0,0,0,74.2221
967.32,1.72058,1.05018,480.873,794.242,61.7839
894.125,1.68606,1.33231,468.519,819.927,55.0379
1026.51,1.54489,1.20233,461.728,806.346,38.3211
1160.55,0.877501,1.17404,444.872,763.921,48.0555
830.086,1.60311,1.30339,454.753,808.721,102.751
921.535,1.57416,1.07526,509.268,753.64,102.908
1042.62,1.56513,1.38398,509.296,714.448,111.575
1063.14,1.58882,1.4352,517.808,667.552,43.4895
923.262,1.33162,1.51065,448.811,390.557,22.5876
908.219,1.91856,1.28819,427.821,363.768,-16.7911
898.193,1.41133,1.13961,388.417,356.245,51.0819
622.816,2.16956,1.40892,456.337,370.334,-28.4052
900.852,1.33455,1.69748,376.544,277.627,13.768
860.592,1.45625,1.10914,419.271,445.838,119.428
878.912,1.55744,1.2069,524.773,397.8,-404.034
0,0,0,0,0,171.442
1148.52,1.47664,1.27644,576.558,327.803,198.358
1468.95,1.30079,1.09155,603.469,326.281,147.636
1261.07,1.17223,1.48108,552.738,323.539,168.991
1372.38,1.42673,1.11917,574.247,370.403,160.809
1143.64,1.49569,1.13973,566.21,414.272,119.941
1006.42,1.45867,1.13876,525.544,475.806,148.56
1259.25,1.51584,1.20093,554.136,467.638,105.436
730.661,1.36993,1.59658,510.699,372.919,178.749
1031.29,1.36489,1.36789,583.746,291.835,209.668
1216.33,1.34998,1.25421,614.647,286.117,220.355
1010.93,1.22485,1.14131,625.224,252.719,210.145
1488.76,1.48792,1.14486,615.108,281.305,206.856
1692.64,1.4283,1.12892,611.804,276.716,203.223
1244.95,1.37791,1.11189,608.075,247.838,156.416
1033.29,1.67193,1.27919,561.19,224.039,182.717
1015.78,1.28047,1.58471,587.359,183.762,192.587
863.203,1.56741,1.12239,597.118,150.264,172.589
995.796,1.5134,0.942632,577.131,153.636,156.528
1065.64,1.51222,0.911404,561.225,200.635,201.977
963.439,1.70695,1.2562,606.57,168.989,124.522
1162.36,1.45878,1.28292,529.051,149.777,222.885
996.703,1.58121,1.05264,627.582,200.465,245.246
771.605,1.50623,1.08046,650.162,266.961,248.584
684.601,1.62826,1.28662,653.723,334.786,264.03
816.549,1.11593,1.47433,669.257,361.238,307.216
785.409,1.77724,1.27471,712.484,373.727,282.008
845.728,1.64032,1.16727,687.276,373.777,-404.034
0,0,0,0,0,300.845
936.484,1.46998,1.12814,706.107,371.894,295.993
812.89,1.69139,1.2148,701.329,394.41,-404.034
0,0,0,0,0,286.323
721.58,1.76218,1.30168,691.743,420.235,378.119
328.74,0.101236,0.800781,783.167,306.947,288.427
879.122,1.52686,1.08576,693.729,383.991,282.441
830.572,1.65623,1.03265,687.832,411.198,-404.034
0,0,0,0,0,280.423
731.512,1.78648,1.46388,685.792,404.606,-404.034
0,0,0,0,0,298.299
773.925,1.40374,1.37225,703.736,425.202,331.292
764.279,1.70019,1.24132,736.643,399.157,-404.034
0,0,0,0,0,317.994
857.309,1.59781,1.44106,723.474,438.04,-404.034
0,0,0,0,0,280.424
522.406,1.95606,1.24961,685.794,404.637,279.358
621.511,2.07854,1.28555,684.705,398.05,327.8
621.688,1.51928,1.87201,733.313,448.289,311.205
737.073,1.44868,1.2159,716.577,405.261,260.447
717.178,1.6613,1.31693,665.774,391.816,314.825
706.521,1.53179,1.28209,720.197,405.613,278.538
678.328,1.44566,1.61144,683.928,411.173,305.152
961.574,1.58044,1.3134,710.84,501.236,289.93
961.456,1.47184,1.17145,695.503,466.54,318.554
779.281,1.9037,1.53338,723.936,408.581,-404.034
0,0,0,0,0,-404.034
0,0,0,0,0,248.481
893.618,1.46028,1.44784,653.869,410.397,-404.034
0,0,0,0,0,237.918
1419.74,1.56954,1.31222,643.339,420.332,-404.034
0,0,0,0,0,257.759
991.454,1.22688,1.68279,663.115,400.694,266.018
1132.3,1.46492,1.37349,671.357,395.186,282.111
968.732,1.59538,1.15215,687.373,372.173,259.409
1255.41,1.45415,1.33554,664.832,421.21,227.869
876.312,1.65358,1.03136,633.358,441.005,223.922
913.003,1.71279,1.47046,629.295,406.038,272.627
1120.01,1.62041,1.27026,678.02,411.884,-404.034
0,0,0,0,0,261.211
1228.73,1.56,0.97272,666.646,424.577,-404.034
0,0,0,0,0,189.916
1081.86,1.18029,1.33368,595.294,407.512,-404.034
0,0,0,0,0,226.211
780.948,1.3921,1.19956,631.505,382.007,257.368
1075.64,1.45415,1.27396,662.678,386.697,300.254
961.554,1.15087,1.51313,705.608,399.817,299.285
838.439,1.44145,1.1047,704.652,403.684,277.969
873.203,1.6565,1.15188,683.382,417.773,322.46
1288.93,1.52027,1.34712,727.834,406.13,281.617
925.432,1.62573,1.38163,687,408.907,297.436
983.982,1.74604,1.30291,702.705,374.287,316.286
956.281,1.65124,1.36918,721.578,381.158,281.155
1272.51,1.51495,1.21027,686.558,414.811,306.143
1240.92,1.25064,1.59888,711.523,407.861,304.242
1209.34,1.07702,1.3889,709.531,379.989,304.013
1222.88,1.56116,1.28772,709.378,403.12,332.245
1046.69,1.58755,1.30829,737.503,370.883,348.417
1081.52,1.75225,1.40039,753.809,411.278,298.408
1340.72,1.47687,1.20735,703.748,395.677,314.809
877.4,1.61067,1.31993,720.195,409.571,348.931
715.866,1.428,1.14583,754.251,389.553,386.032
297.671,1.59146,1.82271,791.009,285.332,-404.034
0,0,0,0,0,-404.034
0,0,0,0,0,-404.034
0,0,0,0,0,313.441
374.334,1.20717,1.5838,718.795,400.115,-404.034
0,0,0,0,0,-404.034
0,0,0,0,0,358.423
743.24,1.33188,0.340775,763.753,392.612,376.457
420.084,1.65877,0.936373,781.924,434.086,-404.034
0,0,0,0,0,14.7884
532.445,0.514637,0.31058,420.236,428.913,370.135
527.103,0.472509,1.33942,775.299,341.963,238.561
1342.35,0.758471,16.362,656.54,4235.75,-404.034
0,0,0,0,0,398.929
230.112,0.990779,2.08838,804.004,314.898,316.524
656.45,1.28368,0.818978,721.726,353.678,222.979
389.077,2.04545,0.81902,628.486,446.57,325.556
368.498,1.83802,0.854554,730.419,250.732,-404.034
0,0,0,0,0,336.352
281.225,1.78257,1.90821,741.379,300.713,-404.034
0,0,0,0,0,316.117
373.64,1.38912,1.38579,721.395,376.759,335.184
494.959,1.13841,1.19976,740.629,427.557,328.747
597.806,1.39422,1.41561,734.057,386.777,-404.034
0,0,0,0,0,327.863
735.041,1.25899,1.49911,733.225,402.167,-404.034
0,0,0,0,0,363.338
667.032,1.12801,1.52351,768.632,381.657,803.889
373.12,0.367088,0.843564,1210.07,649.234,-404.034
0,0,0,0,0,295.604
436.495,1.64406,1.324,700.932,392.035,-404.034
0,0,0,0,0,343.545
560.114,1.50021,1.03414,748.841,382.069,257.346
655.967,0.960649,1.18766,662.522,345.788,-404.034
0,0,0,0,0,-404.034
0,0,0,0,0,-404.034
0,0,0,0,0,443.696
222.317,1.17324,8.29748,855.976,2503.84,-404.034
0,0,0,0,0,354.858
648.227,0.953038,1.17189,760.072,357.272,-404.034
0,0,0,0,0,-404.034
0,0,0,0,0,350.956
203.912,0.580815,0.0107549,756.433,437.229,303.439
574.489,1.22007,1.05797,708.931,441.861,259.134
447.843,1.3644,0.976037,664.429,382.095,2406.3
1636.3,9.36033,0.287884,2811.38,314.879,275.893
485.228,1.41113,1.39331,681.146,369.39,-404.034
0,0,0,0,0,328.132
321.286,1.31482,0.98919,733.426,381.535,335.129
420.644,1.38847,1.14396,740.403,375.601,390.668
496.207,0.920209,1.26773,795.887,358.801,252.281
277.492,1.39644,1.66315,657.617,394.898,-404.034
0,0,0,0,0,-404.034
0,0,0,0,0,-404.034
0,0,0,0,0,359.253
437.209,1.20897,0.962147,764.409,339.495,-404.034
0,0,0,0,0,-404.034
0,0,0,0,0,304.988
430.263,1.64278,1.60348,710.015,300.511,-404.034
0,0,0,0,0,-404.034
0,0,0,0,0,390.555
425.748,0.271469,1.65767,795.449,260.233,106.907
971.624,0.251873,8.82802,519.164,2497.78,-404.034
0,0,0,0,0,290.989
471.081,0.966528,1.25907,696.287,382.878,296.01
501.405,1.65475,1.39665,701.166,339.596,-404.034
0,0,0,0,0,-404.034
0,0,0,0,0,376.605
580.013,1.30123,1.22321,781.855,368.381,369.715
558.638,1.61044,1.48591,774.999,378.595,373.766
463.964,0.906544,1.28545,779.279,448.071,387.003
398.954,1.69508,1.2935,792.437,424.035,603.588
1643.13,0.288389,0.151245,1011.17,1075.32,378.798
258.014,2.30063,1.87244,784.293,442.485,-404.034
0,0,0,0,0,-303.349
460.79,0.0815812,0.625459,102.129,438.803,-404.034
0,0,0,0,0,406.049
666.991,1.39119,1.04334,811.515,433.997,382.87
465.156,1.82503,1.10992,788.415,457.719,370.416
548.398,1.19073,0.949109,775.754,394.933,433.508
601.682,1.22702,1.05878,838.94,423.605,379.396
566.761,1.32944,1.08732,784.971,467.024,420.699
532.367,1.29365,1.05921,826.098,413.383,333.455
302.988,2.00077,1.31219,738.631,345.792,-404.034
0,0,0,0,0,-78.8301
143.188,0.121997,0.73572,327.229,614.97,577.675
208.981,0.00884373,0.218592,983.774,625.649,-404.034
0,0,0,0,0,-404.034
0,0,0,0,0,441.606
530.513,1.28936,0.981135,846.964,401.131,385.659
492.957,1.36065,0.639252,791.085,421.97,-404.034
0,0,0,0,0,-404.034
0,0,0,0,0,-404.034
0,0,0,0,0,346.315
1023.24,1.37667,1.13005,751.718,414.905,-404.034
0,0,0,0,0,329
871.983,1.62078,1.34337,734.389,410.659,371.297
859.778,1.18176,0.748887,776.644,397.716,370.32
583.407,1.67223,1.13969,775.84,450.305,393.806
521.136,1.74721,1.40179,799.205,413.572,389.054
634.073,1.25235,1.12199,794.532,437.596,-404.034
0,0,0,0,0,415.935
788.82,0.869004,1.38413,821.25,388.118,-404.034
0,0,0,0,0,411.63
413.933,1.81331,0.950322,817.233,475.586,377.334
500.337,1.35389,1.26579,782.624,380.346,412.961
718.504,1.57491,1.43867,818.426,433.319,419.622
953.085,1.62307,1.11257,825.076,430.024,-404.034
0,0,0,0,0,412.174
799.415,1.70679,0.966939,817.538,402.828,409.048
765.223,1.46596,1.37422,814.494,427.551,-404.034
0,0,0,0,0,336.096
753.726,1.50224,1.15401,741.522,421.78,403.86
325.359,1.41194,1.02144,809.312,429.75,384.498
608.679,1.60116,1.16503,789.928,422.833,422.844
568.512,1.62281,1.42581,828.195,398.978,-404.034
0,0,0,0,0,512.102
275.436,0.905894,1.59599,917.455,399.212,-404.034
0,0,0,0,0,-404.034
0,0,0,0,0,359.811
797.494,1.46756,1.0278,765.114,384.369,369.417
952.392,1.26032,1.01534,774.888,435.581,355.691
703.964,1.26731,1.21791,761.165,436.52,378.492
669.123,1.58794,0.0194347,783.94,428.588,369.975
707.754,1.21893,1.45228,775.467,441.804,-404.034
0,0,0,0,0,367.571
852.894,1.32936,1.10128,772.956,409.036,345.122
829.825,1.47178,0.841786,750.575,429.958,-404.034
0,0,0,0,0,6084.2
20421.9,9.01725,1.3884,6516.24,8496.79,431.55
530.304,1.01469,1.56431,837.006,430.441,-404.034
0,0,0,0,0,418.216
463.648,1.19591,1.64352,823.729,447.925,440.727
478.275,1.70507,1.03473,846.27,457.035,456.525
409.959,1.09211,1.33411,861.898,405.15,-404.034
0,0,0,0,0,424.878
669.875,1.04647,1.29257,830.403,451.545,438.179
986.848,1.54477,1.38354,843.649,434.865,-404.034
0,0,0,0,0,410.994
992.527,1.5111,1.265,816.521,451.917,380.577
809.234,1.71246,1.53087,786.104,452.012,404.091
1219.92,1.1842,1.04964,809.563,435.629,380.785
960.653,1.60795,1.22831,786.172,409.935,428.852
722.874,1.66909,1.4112,834.364,447.668,-404.034
0,0,0,0,0,413.771
659.432,1.47863,1.13615,819.184,417.562,385.337
774.913,1.2444,1.09983,790.891,460.427,387.287
909.689,1.4399,1.26921,792.643,400.369,434.59
1005.18,1.58509,1.06915,839.946,400.003,371.633
605.598,1.7899,1.31391,777.186,460.079,432.546
833.528,0.834523,0.0633377,837.644,321.837,400.29
977.267,1.69024,1.33803,805.827,455.389,-404.034
0,0,0,0,0,418.941
1218.88,1.69041,1.2312,824.321,407.517,355.78
903.883,1.40263,1.19325,761.122,396.122,382.641
754.421,1.20933,1.34565,788.188,458.313,422.475
401.06,1.59639,0.813141,827.875,413.435,-404.034
0,0,0,0,0,375.725
272.685,0.122613,0.852731,780.664,273.648,-404.034
0,0,0,0,0,421.271
757.416,1.63464,1.3267,826.758,439.956,403.691
1217.84,1.50734,1.27325,809.129,425.469,418.629
1118.28,1.49256,1.21414,824.054,421.415,422.637
1350.68,1.34804,1.23141,828.122,439.444,430.224
1250.2,1.39713,1.29913,835.605,407.901,377.031
1014.88,1.1406,1.44585,782.392,401.827,151.184
168.026,0.256234,1.14447,558.032,854.14,-404.034
0,0,0,0,0,459.283
672.411,1.58532,0.969539,864.828,457.524,396.169
924.6,1.59665,1.22852,801.529,401.416,404.439
1272.89,1.42289,1.02733,809.948,446.753,-404.034
0,0,0,0,0,361.546
1146.04,1.58837,1.14962,766.923,406.517,-404.034
0,0,0,0,0,397.86
880.143,1.51012,1.24177,803.415,460.724,387.724
1064.48,1.64728,1.29097,793.34,479.358,-404.034
0,0,0,0,0,417.76
1170.14,1.40937,1.23543,823.237,437.116,362.646
1366.4,1.40989,1.02516,768.066,420.024,392.147
895.662,1.42056,1.41892,797.667,450.222,411.157
1729.64,1.55602,1.2312,816.622,433.454,401.433
1054.8,1.37535,0.95426,806.819,409.37,327.644
336.382,1.45041,2.20147,733.37,512.56,409.065
1104.11,1.1625,0.873506,814.308,365.907,390.516
1105.37,1.60515,1.18527,796.063,458.278,405.952
1098.28,1.31102,0.926537,811.303,398.984,387.97
927.875,1.44356,1.2393,793.508,455.688,404.858
1033.09,1.45983,1.22402,810.418,462.275,407.253
730.621,1.40556,1.20321,812.756,444.918,363.685
633.401,1.79682,1.12333,769.177,441.744,393.019
1006.21,1.54025,1.36544,798.541,450.905,401.023
1185.37,1.56845,1.26203,806.537,448.618,378.093
987.979,1.48178,1.24288,783.513,419.739,348.259
986.919,1.5499,1.12172,753.811,460.113,432.531
551.859,1.93296,1.38565,837.927,412.582,393.447
1258.63,1.36358,1.06472,798.844,412.835,432.243
911.52,1.31477,1.11763,837.719,436.669,450.673
363.099,2.071,1.07022,855.98,385.541,-404.034
0,0,0,0,0,371.997
753.961,1.45841,1.1941,777.548,459.678,458.703
554.139,1.37026,1.02775,864.149,427.766,-404.034
0,0,0,0,0,-404.034
0,0,0,0,0,334.2
914.252,1.31195,0.0459393,739.51,386.561,407.249
711.37,1.36176,1.22065,812.74,441.301,407.33
559.093,1.70983,1.3063,812.749,419.44,387.328
1000.68,1.01594,1.6692,792.662,393.74,368.264
311.699,1.73027,1.42999,773.574,386.341,-404.034
0,0,0,0,0,438.722
450.158,1.61732,1.24995,844.188,433.709,361.317
391.323,1.42999,1.3405,766.701,408.864,426.271
564.021,1.47606,1.02179,831.564,381.071,400.085
789.476,1.48177,0.977652,805.597,447.583,423.613
1045.81,1.55545,1.22953,829.018,415.254,428.292
1024.53,1.48456,1.31599,833.744,429.524,419.18
1013.08,1.63839,1.2553,824.713,453.889,422.346
1214.43,1.46191,1.3859,827.951,476.103,457.196
418.003,1.59093,1.57377,862.474,376.652,397.804
730.149,1.32752,1.15661,803.263,431.583,405.308
794.457,1.4851,0.939962,810.871,463.097,710.535
239.467,3.90803,0.311763,1115.97,423.467,407.164
854.486,1.33755,1.09098,812.716,459.803,446.49
762.665,1.28614,1.16672,852.034,457.601,442.028
967.788,1.55331,1.05944,847.499,435.21,449.763
742.401,1.59176,1.36633,855.278,448.338,447.972
924.077,1.61176,1.32129,853.522,459.141,424.957
873.423,1.49562,1.13913,830.35,411.625,470.087
1145.65,1.45655,1.04084,875.596,446.653,419.884
942.789,1.44507,0.942965,825.34,430.688,423.329
1227.34,1.62956,1.1792,828.899,465.52,421.93
1017.81,1.39742,1.22055,827.382,429.449,-404.034
0,0,0,0,0,402.424
532.079,1.18406,1.38543,807.995,465.774,2529.23
58051.6,3.18804,0.479258,2936.09,852.762,431.185
593.744,1.65109,1.05644,836.563,407.035,393.371
446.544,1.04715,1.56448,798.724,399.282,-404.034
0,0,0,0,0,460.099
375.145,1.85624,1.60033,865.636,455.251,460.862
590.638,1.33992,1.6771,866.435,466.073,133.305
515.201,0.656533,12.3975,667.346,39497.8,-404.034
0,0,0,0,0,-404.034
0,0,0,0,0,-404.034
0,0,0,0,0,524.931
199.692,0.683677,0.120456,932.092,948.258,-404.034
0,0,0,0,0,31.9435
279.69,1.16396,0.129068,436.924,286.863,463.686
665.12,1.80031,1.10428,869.232,457.784,-404.034
0,0,0,0,0,467.764
756.019,1.19207,1.35376,873.241,437.163,459.913
547.115,1.5508,1.36165,865.455,456.919,470.503
530.785,1.21482,0.774022,875.999,442.912,400.637
410.976,1.53262,1.22874,806.121,439.322,-404.034
0,0,0,0,0,434.969
830.997,1.20476,0.725346,840.141,344.321,461.578
788.772,1.45477,1.03962,867.158,468.281,469.301
388.459,1.27205,1.55963,874.926,481.952,471.27
887.572,1.42055,1.09919,876.816,457.748,458.372
746.426,1.64632,1.18361,863.889,449.25,-237.374
222.476,3.2996,0.00318998,168.28,491.948,-404.034
0,0,0,0,0,440.194
411.454,0.111665,5.61097,846.992,838.154,462.954
485.562,1.89767,1.63948,868.696,517.608,498.246
711.875,1.14496,1.21566,903.767,450.367,-404.034
0,0,0,0,0,490.087
932.552,1.3757,1.1697,895.534,427.934,444.834
761.381,1.66534,1.21824,850.312,437.126,493.405
850.548,1.69191,1.16911,898.867,432.48,466.782
1024.45,1.5191,1.21768,872.268,439.589,484.516
574.716,1.60269,1.10792,890.066,459.349,462.95
942.092,1.44435,1.09429,868.434,439.233,473.471
1123.41,1.37518,1.58727,878.938,434.128,2055.76
30.489,23.4869,0.0792867,2460.09,86.4519,463.346
850.216,1.59771,1.28821,868.804,431.189,490.942
375.673,0.00346947,0.342215,895.238,77.9137,-404.034
0,0,0,0,0,423.812
1010.26,1.44752,1.33748,829.252,425.833,484.165
859.283,1.50598,1.10061,889.589,421.034,453.476
911.301,1.56361,1.37481,859.045,465.023,444.494
965.04,1.74835,1.41544,850.037,457.244,436.27
1016.77,1.41621,1.23983,841.669,413.399,434.706
1361.14,1.38071,1.20468,840.145,425.236,452.72
848.528,1.66523,1.41026,858.173,429.632,433.951
749.241,1.6433,1.2792,839.383,423.34,378.851
476.365,1.16024,0.98471,784.312,432.234,433.436
914.06,1.45447,1.16787,838.847,417.114,456.646
763.214,1.33358,1.03498,862.123,436.835,437.749
740.627,1.12972,1.35666,843.166,418.74,432.845
1153.05,1.38993,0.972528,838.234,410.139,472.683
532.803,0.974322,1.39172,878.007,390.303,459.997
643.28,1.31955,1.0908,865.419,420.187,423.147
705.29,1.44042,1.08424,828.361,357.257,-404.034
0,0,0,0,0,373.268
298.676,1.72066,0.998691,778.667,413.595,-283.776
425.464,6.15165,0.0824347,121.099,255.141,-404.034
0,0,0,0,0,-404.034
0,0,0,0,0,492.558
838.777,1.58841,1.14103,897.944,409.29,-404.034
0,0,0,0,0,415.204
446.556,1.47897,0.981996,820.627,420.834,444.292
745.263,1.46631,0.00271171,849.586,381.28,399.306
528.25,0.959683,0.807428,804.738,423.398,443.433
568.076,1.43387,1.19782,848.951,449.546,429.226
587.204,1.60346,1.13518,834.715,440.677,-404.034
0,0,0,0,0,385.758
445.692,1.37194,1.49638,791.111,399.383,383.672
588.131,1.37258,1.06912,789.26,470.85,464.99
619.331,1.23736,1.40847,870.402,417.284,458.987
837.231,1.45958,1.10322,864.383,412.264,417.512
846.927,1.3784,1.19453,823.025,447.958,-404.034
0,0,0,0,0,433.106
894.511,1.37502,1.19046,838.49,408.985,466.858
588.39,1.47442,1.00975,872.198,395.277,417.01
547.434,1.51991,1.25146,822.447,425.037,440.746
626.743,0.92517,1.55036,846.094,397.943,-404.034
0,0,0,0,0,397.629
371.548,1.77185,1.29614,802.991,402.133,-404.034
0,0,0,0,0,-404.034
0,0,0,0,0,434.236
1297.86,1.63043,1.32994,839.707,435.282,425.222
1500.73,1.62004,1.21636,830.608,409.632,383.534
828.746,1.76068,1.20605,788.853,389.295,-404.034
0,0,0,0,0,413.818
867.256,1.57771,1.19893,819.408,471.325,410.936
360.753,1.25044,1.14003,816.57,484.96,461.063
647.157,1.24657,1.60045,866.384,389.496,-404.034
0,0,0,0,0,391.944
949.022,1.55806,1.28123,797.346,414.402,427.562
960.083,1.26648,1.02661,832.968,415.394,412.33
796.091,1.1443,1.28826,817.683,399.633,418.874
705.174,1.5037,1.12315,824.28,415.722,450.126
481.648,1.79246,1.55252,855.58,429.884,408.657
925.969,1.5371,1.31415,814.165,446.555,428.435
1227.23,1.508,1.12082,833.832,412.695,422.487
960.59,1.44882,1.27323,827.848,401.787,430.14
1048.86,1.39417,1.25022,835.462,389.964,426.343
1161.72,1.11027,1.27107,831.773,422.56,394.866
1714.57,1.46201,1.19857,800.253,409.762,423.88
1651.43,1.63701,1.22936,829.36,437.749,429.745
820.224,1.70313,1.15765,835.169,420.824,421.459
1296.58,1.43665,1.1981,826.816,400.605,422.314
1804.9,1.47002,1.0635,827.717,414.751,-404.034
0,0,0,0,0,409.818
667.689,1.74771,1.16424,815.285,433.944,403.893
1386.34,1.57173,1.20884,809.336,426.9,-404.034
0,0,0,0,0,435.067
623.713,1.57793,1.27842,840.508,425.984,386.14
1106.6,1.4252,1.34742,791.52,407.711,389.489
592.601,1.57614,1.45443,794.908,419.454,-404.034
0,0,0,0,0,-223.716
425.718,12.6979,0.130914,181.129,246.154,-404.034
0,0,0,0,0,-404.034
0,0,0,0,0,388.468
805.426,0.160585,0.9596,793.795,391.646,-404.034
0,0,0,0,0,-404.034
0,0,0,0,0,685.004
34.0318,0.581974,0.00516355,1090.79,530.67,-404.034
0,0,0,0,0,-404.034
0,0,0,0,0,376.769
485.926,1.57863,1.18537,782.294,451.542,404.53
412.073,1.73153,1.06708,809.962,423.599,-404.034
0,0,0,0,0,434.476
558.578,1.55236,1.45438,839.799,390.235,408.84
448.661,2.01655,1.30735,814.175,393.858,432.28
681.195,1.44457,1.56975,837.652,405.156,-404.034
0,0,0,0,0,471.392
643.67,0.966348,0.898446,876.901,446.617,390.916
682.074,1.52138,1.38946,796.354,425.335,406.568
562.793,1.20655,1.30424,812.059,441.137,444.641
790.325,1.3048,1.11875,849.983,395.953,428.638
942.487,1.45898,1.12527,834.097,431.73,-404.034
0,0,0,0,0,361.825
468.767,1.46785,1.60476,767.266,426.244,-404.034
0,0,0,0,0,417.279
793.922,1.74472,1.48675,822.574,381.85,438.47
576.539,1.6403,1.43005,843.924,430.004,-404.034
0,0,0,0,0,454.463
252.073,1.76314,0.659572,859.626,341.648,-404.034
0,0,0,0,0,474.089
406.648,1.12297,1.82587,879.541,429.304,-404.034
0,0,0,0,0,409.74
643.799,1.17196,1.39369,815.112,405.058,-404.034
0,0,0,0,0,448.004
610.267,1.514,1.08238,853.328,390.649,-404.034
0,0,0,0,0,336.255
612.429,1.47957,1.06245,741.693,425.089,426.553
503.31,1.43938,1.01288,831.933,407.802,381.822
677.197,1.161,0.905808,787.348,451.952,316.819
327.272,1.64873,1.21185,722.529,507.957,427.058
326.465,1.77893,1.05467,832.361,384.271,-404.034
0,0,0,0,0,-404.034
0,0,0,0,0,467.081
348.035,1.17537,1.11553,872.24,340.231,-404.034
0,0,0,0,0,-404.034
0,0,0,0,0,211.707
266.377,0.053846,0.0933637,616.167,128.511,-404.034
0,0,0,0,0,-404.034
0,0,0,0,0,-404.034
0,0,0,0,0,370.754
148.502,2.16432,4.28387,776.814,614.326,-404.034
0,0,0,0,0,-404.034
0,0,0,0,0,-404.034
0,0,0,0,0,460.98
446.298,0.92175,0.183501,866.538,461.678,420.159
963.167,1.35324,1.58734,825.493,393.74,415.606
1017.59,1.51645,1.3572,820.99,408.835,-404.034
0,0,0,0,0,361.843
294.237,0.119024,0.079696,769.077,971.055,793.474
231.967,0.468824,0.198268,1200.11,789.043,-404.034
0,0,0,0,0,433.756
1127,1.50693,1.30872,839.25,442.117,367.301
568.215,1.63276,1.31087,772.576,375.561,440.322
390.246,1.624,1.17779,845.855,454.109,458.363
770.252,1.72449,1.37937,863.782,419.265,408.096
822.183,1.42896,1.12373,813.459,402.456,-404.034
0,0,0,0,0,399.805
469.602,1.34512,1.56253,805.143,394.895,3090.2
933.469,2.90723,6.09326,3545.01,15421.2,471.768
568.88,1.20963,1.0521,877.151,408.418,-404.034
0,0,0,0,0,361.852
401.406,1.24974,0.908434,767.394,457.161,617.565
71.3931,0.252465,21031.5,2836.48,551397,693.659
156.014,0.0263893,0.0299166,1098.41,216.862,463.307
730.673,1.39025,1.64149,868.739,423.47,477.497
248.282,1.64041,2.0011,882.922,421.455,280.149
674.153,0.308182,0.564772,688.018,1164.06,426.402
722.876,0.901397,1.42707,831.646,366.384,-404.034
0,0,0,0,0,428.416
383.226,1.72458,1.28768,834.002,470.237,-404.034
0,0,0,0,0,-404.034
0,0,0,0,0,404.575
705.992,1.64922,1.3821,810.034,431.722,491.535
546.923,1.67802,1.0135,896.788,369.009,395.3
884.155,1.46811,1.17333,800.635,393.871,-404.034
0,0,0,0,0,-404.034
0,0,0,0,0,409.923
694.97,1.65437,1.36455,815.389,434.059,-404.034
0,0,0,0,0,-404.034
0,0,0,0,0,-404.034
0,0,0,0,0,424.509
755.679,1.71841,1.24767,829.862,399.462,-404.034
0,0,0,0,0,374.669
346.111,1.82688,1.72305,779.88,356.273,426.586
525.967,1.39602,1.35615,831.84,369.22,-404.034
0,0,0,0,0,-266.534
600.807,1.4675,0.0179028,138.662,352.875,422.599
367.77,0.673116,2.27323,828.158,461.965,528.972
270.569,0.300132,0.499452,936.791,1148.61,483.415
665.689,1.65897,1.2824,888.741,391.211,-404.034
0,0,0,0,0,435.435
1303.83,1.68988,1.31511,840.776,395.472,454.544
1219.05,1.36198,1.33472,859.914,404.505,439.08
987.634,1.58417,1.14353,844.385,384.669,471.195
605.903,1.67193,1.47183,876.53,393.82,438.246
736.532,1.67847,1.33906,843.589,396.465,443.937
1039.98,1.55052,1.2867,849.318,407.922,471.871
730.783,1.77097,1.44772,877.402,453.449,-404.034
0,0,0,0,0,455.625
789.134,1.37109,1.57516,861.037,417.131,423.973
806.552,1.72891,1.40423,829.426,429.641,-404.034
0,0,0,0,0,448.683
989.144,1.58371,1.23166,854.069,409.471,468.869
958.969,1.69877,1.2557,874.193,390.388,447.341
1115.6,1.66231,1.36763,852.723,407.917,412.626
387.889,1.62637,0.880262,818.018,411.314,-7451.4
26986.8,23.9676,1379.51,573.836,2.32E+06,418.178
476.284,1.8191,1.39137,823.584,415.398,450.546
968.364,1.59934,1.1405,855.829,377.955,-404.034
0,0,0,0,0,-404.034
0,0,0,0,0,-404.034
0,0,0,0,0,-404.034
0,0,0,0,0,-404.034
0,0,0,0,0,-404.034
0,0,0,0,0,-404.034
0,0,0,0,0,-404.034
0,0,0,0,0,-404.034
0,0,0,0,0,-404.034
0,0,0,0,0,-404.034
0,0,0,0,0,-404.034
0,0,0,0,0,439.834
675.694,1.30801,1.8752,845.189,399.93,-404.034
0,0,0,0,0,-404.034
0,0,0,0,0,450.05
729.761,1.11967,0.855918,855.283,362.837,-404.034
0,0,0,0,0,455.312
971.193,1.50228,1.33688,860.668,400.298,450.304
640.163,1.7125,1.4869,855.646,395.66,1127.53
319.633,0.0268713,0.0753953,1531.96,118.771,-404.034
0,0,0,0,0,438.546
542.456,1.43468,2.02312,843.596,307.129,426.154
849.901,1.40749,1.56826,831.54,409.276,419.302
838.499,1.30901,1.62687,824.56,370.203,410.484
824.995,1.75073,1.42556,815.858,405.561,-404.034
0,0,0,0,0,-404.034
0,0,0,0,0,-404.034
0,0,0,0,0,437.962
194.12,1.52935,2.38777,843.693,513.968,553.67
519.264,0.82732,0.030276,959.259,470.864,-404.034
0,0,0,0,0,453.2
170.505,1.59885,2.44293,858.891,501.919,-404.034
0,0,0,0,0,430.622
743.106,1.04841,0.244019,836.01,409.809,-404.034
0,0,0,0,0,-404.034
0,0,0,0,0,-404.034
0,0,0,0,0,-248.809
210.185,0.866033,0.288355,156.772,469.595,-133.122
50.4277,0.0124077,166.203,288.69,5400.94,518.812
156.906,1.54959,0.589426,926.379,1071.81,-404.034
0,0,0,0,0,1568.71
4.98269,67.4661,1.40766,1975.78,920.237,-404.034
0,0,0,0,0,-404.034
0,0,0,0,0,1066
1377.17,1.04099,0.36172,1471.43,421.489,-404.034
0,0,0,0,0,52092.9
261.971,174.183,1.31338,52498.8,485.67,-404.035
0,0,0,0,0,-404.035
0,0,0,0,0,-404.035
0,0,0,0,0,-404.035
0,0,0,0,0,-404.035
0,0,0,0,0,341.21
345.339,0.89479,1.76633,746.276,311.913,276.196
423.683,0.528519,0.646039,681.29,320.642,-404.035
0,0,0,0,0,9216.59
1766.36,12.0682,0.000795532,9623.9,979.148,-404.035
0,0,0,0,0,579808
29576.1,678.067,0.0404209,580216,221.72,-404.063
0,0,0,0,0,839.056
492.929,0.427136,0.27502,1243.82,211.103,116.22
641.765,0.453398,0.275978,520.454,51.1724,-404.063
0,0,0,0,0,816.643
157.186,0.39132,0.197942,1223.84,948.703,-404.063
0,0,0,0,0,-404.063
0,0,0,0,0,-404.063
0,0,0,0,0,-190.051
352.182,0.019448,12.8548,215.03,308.899,-190.051
