964.966,1.23282,1.34737,391.947,959.105,-0.200111
1347.92,1.03239,1.19303,428.468,927.258,-18.3573
1363.15,1.02565,1.18137,412.565,910.888,4.42327
1612.91,1.16699,1.13145,436.368,930.962,-8.87037
1496.83,1.1417,1.24425,409.593,920.802,-6.85592
1337.62,1.00241,1.29273,409.258,922.871,-15.9752
1576.39,1.16417,1.26985,421.741,912.18,-20.6884
1216.79,1.10602,0.942531,424.19,907.137,-2.14265
1903.37,1.01349,1.06134,414.869,926.942,-5.44386
1650.62,1.05942,0.949794,424.763,922.423,-8.87422
1524.93,1.24161,1.22504,420.452,919.488,-44.7276
1417.5,1.2439,1.0256,425.681,882.744,-22.5809
1421.9,1.06355,1.1197,425.725,905.046,-14.6327
1201.39,1.07232,1.03791,446.362,910.562,-33.8629
1877,1.09945,0.951071,399.213,896.881,-8.65391
1607.42,1.14561,1.15716,406.185,921.431,-6.82891
1530.92,1.1959,1.04331,425.187,920.977,-8.91193
2181.76,0.947207,1.13009,434.307,917.778,-5.26129
1473.83,0.971893,1.06031,426.402,922.409,-9.44201
1564.92,1.04822,1.14583,414.323,919.656,-17.7007
1909.68,1.01053,1.07295,423.278,910.257,-17.6291
1526.86,1.21508,1.21597,432.7,909.192,-5.7582
1939.19,1.1082,1.08586,422.811,922.342,-16.3687
1717.54,1.18353,1.02766,437.928,909.831,-972.104
0,0,0,0,0,-25.4822
1820.13,0.13712,0.956032,463.303,897.59,-9.27707
1916.8,1.18798,0.980812,445.839,916.019,11.043
7503.57,0.284837,0.979675,398.699,942.174,-5.73947
1910.76,1.12787,1.02172,431.129,921.357,-6.1877
1711.88,1.03523,1.16073,433.929,920.568,-12.3686
1753.91,1.10705,0.989642,434.848,914.232,9.08718
1684.48,0.990755,1.12096,449.39,934.089,2.55362
1544.05,1.18751,1.02302,442.41,928.35,15.6496
1539.49,1.21502,1.11769,438.545,942.007,-13.2023
1932.13,1.18135,1.15102,430.513,913.915,-10.3047
1657.42,1.07065,1.11658,437.51,915.989,-17.6401
2003.95,1.05026,1.21413,428.599,909.676,-15.6381
2051.81,1.18762,1.02748,433.858,911.058,-21.6807
2345.2,1.22589,1.00833,431.363,905.272,1.01419
2036.22,1.14069,1.21511,437.316,927.414,0.444506
2086.05,1.11953,1.215,455.452,924.652,-6.62492
2148.86,1.08133,1.14866,440.051,919.389,-23.5686
2256,1.01088,1.19461,450.884,901.016,-23.5872
1955.56,1.06421,1.03597,428.628,903.682,-30.6692
1575.85,1.03663,1.26316,429.954,896.389,-2.45948
1658.89,1.21631,1.11677,446.593,922.796,-31.3592
2480.08,1.10225,0.980518,417.941,897.143,-12.0019
2109.17,1.11341,0.977749,410.99,917.479,-13.758
2202.68,1.07098,1.20802,413.426,915.416,-24.8423
2158.15,1.13798,1.03091,447.136,900.185,-17.0255
2215.53,1.23924,1.13124,433.162,909.744,-33.9
1964.72,0.975061,1.09255,426.2,893.587,-13.5743
1719.77,1.14115,1.07716,427.051,913.958,-36.4794
1790.06,1.18451,1.28129,424.846,891.153,0.711067
2385.43,1.14612,0.94758,447.305,925.903,-10.6785
1805.42,1.24784,0.990032,411.111,918.798,-43.182
1715.33,0.988153,1.23415,424.362,884.46,1.9237
2124.8,1.1656,0.975681,424.364,929.892,-35.3739
1632.87,1.26992,1.14385,419.317,892.933,-24.9981
1658.37,1.00699,1.2763,430.639,902.018,-15.229
1903.02,1.11118,1.19543,417.324,913.465,-26.3414
1462.92,1.0546,1.18905,414.335,902.632,10.1879
2060.39,0.976151,1.13331,426.978,937.901,8.80752
1335.69,1.08744,1.21858,418.358,937.551,23.334
1121.44,1.02397,1.27352,408.572,953.363,-8.39727
1853.61,1.1199,1.00563,388.299,923.848,-13.1339
1513,1.11597,1.34819,395.151,918.25,-36.0831
1685.89,1.10666,1.18985,403.347,894.146,-20.4766
1178.79,1.34167,1.08874,442.539,905.137,-25.9033
1682.31,1.17206,1.11338,453.429,898.357,-33.3265
1688.46,1.09647,1.27662,460.241,890.058,-19.9168
1218.23,1.06096,1.16617,445.425,905.352,-5.49043
1774.4,1.10137,0.951249,413.26,923.764,-25.4112
1970.1,0.896273,1.23955,418.479,903.069,-27.6906
1467.99,1.06654,1.32402,428.066,899.617,-36.3605
1934.92,1.24175,1.06035,436.856,889.823,-36.0358
2275.93,1.07959,1.14739,430.216,890.952,-22.6382
1742.73,1.0757,1.22256,427.034,904.83,-24.8818
1640.68,1.25158,1.02197,419.171,903.519,-28.6101
1384.25,1.0825,0.957319,434.804,897.878,-11.2207
1441.82,1.10123,1.34772,417.937,917.428,-30.5811
1614.57,1.01507,1.17689,416.345,898.119,-18.4263
1516.29,1.20985,1.11122,408.22,911.343,-18.7322
1550.72,1.1529,1.18287,422.64,909.295,-20.3021
1322.24,1.15368,1.02062,413.077,908.867,-41.3645
1621.37,1.22959,1.21794,437.873,884.66,-13.4601
1509.76,0.985237,1.1369,425.889,914.213,-16.9389
1594.91,0.974587,1.32673,429.668,910.253,-29.4619
1198.47,1.0804,1.31788,432.608,897.284,-33.5454
1447.92,1.28855,1.18142,422.064,894.444,-21.8048
1587.41,1.0766,1.21105,451.309,902.741,-46.9113
1207.26,1.38324,1.11103,433.337,879.621,-42.7412
1828.62,1.01069,1.12837,417.696,885.708,-55.3764
2044.9,1.10783,1.20261,429.821,871.518,-41.0213
1672.49,0.892187,1.07965,424.399,886.632,-23.1142
1310.4,1.06604,0.91773,421.302,905.042,-38.8098
1509.34,1.01687,1.11098,428.432,888.373,-1.42263
954.108,1.16974,0.9625,465.559,921.552,-48.8008
1664.33,1.24682,1.10282,432.706,877.794,-31.4448
1411.42,1.17772,1.04425,423.711,896.361,-52.6126
2175.16,1.04194,1.11229,432.4,873.991,-26.4068
1217.9,1.36206,1.1555,426.643,901.081,-36.476
1524.45,1.12622,0.981762,391.356,895.196,-33.8029
1675.15,1.16025,1.03361,444.091,891.527,-38.227
1619.43,1.03379,1.10873,430.415,888.72,-27.3584
1279.61,1.05232,1.18335,420.95,900.81,-37.6001
1262.96,1.29054,1.16609,419.617,890.655,-25.9509
1732.91,1.08248,1.18876,452.408,898.432,-51.415
1512.1,1.02491,1.31931,430.847,875.385,-26.2373
1498.42,1.13587,1.2286,450.527,898.371,-0.527489
958.159,1.01318,1.31074,464.188,922.619,-63.9637
1317.02,1.249,1.19183,475.829,857.318,-81.9181
1707.76,1.13662,0.969953,457.083,841.495,-61.7506
1558.97,1.02351,1.29655,449.306,862.747,-71.0322
1701.15,1.24202,0.98839,435.462,855.069,-61.8749
1441.57,1.08207,1.3247,480.252,858.888,-129.31
1606.92,1.23529,1.13078,511.623,787.18,-149.554
1864.12,1.05499,1.19997,521.795,765.561,-238.943
1674.63,1.2123,1.44672,514.953,676.35,-475.893
2308.26,1.00541,1.18587,460.55,444.245,-528.471
2167.23,1.23588,1.0268,447.783,392.826,-530.088
1760.74,1.09696,1.27573,392.697,397.843,-508.875
2550.2,0.0289934,1.09897,469.576,409.935,-623.636
2696.47,1.15264,1.18989,384.669,304.586,-410.249
1739.67,1.07942,1.33046,431.417,513.879,-438.284
2603.75,1.19139,1.07322,502.864,477.022,-460.305
1702.35,1.33045,1.3123,475.998,458.082,-531.901
1457.71,1.19455,1.00354,572.164,374.365,-532.563
1691.23,1.12828,1.02449,573.066,373.589,-527.761
1537.37,1.11627,1.31141,569.144,378.899,-490.323
1652.04,1.11411,1.25674,574.839,415.922,-424.974
1830.27,1.27545,1.03914,554.95,484.144,-432.592
1344.11,1.02005,1.29031,521.576,480.498,-418.874
2164.11,0.955115,1.24618,528.909,493.43,-471.654
1232.2,1.15595,1.30651,561.976,436.278,-576.215
2243.36,1.15782,1.032,565.607,330.521,-561.038
2218.6,0.961703,1.18673,606.858,340.831,-601.933
1901.67,1.17218,1.07559,614.46,298.722,-581.834
2048.37,1.10017,1.17033,619.781,318.325,-590.515
2949.19,1.07679,1.09132,592.103,312.921,-629.263
2538.64,1.1631,1.08404,604.978,272.338,-654.692
2510.91,1.11317,1.02932,587.925,248.782,-673.964
2395.54,1.08629,1.0349,598.925,228.044,-666.479
2382.19,1.15326,1.07176,593.085,236.287,-684.299
2307.75,0.95372,1.03848,583.686,219.472,-708.819
2090.23,0.983712,1.21313,607.437,191.909,-699.269
2258.12,1.12453,0.884796,589.182,203.73,-710.575
2393.88,1.04014,1.20604,554.831,196.487,-686.797
2232.84,1.01399,1.05176,606.067,214.256,-585.962
3778.33,0.905804,0.0447621,671.61,307.915,-527.456
2513.31,0.967504,1.02903,675.642,366.358,-508.568
1902.78,1.1288,1.03107,672.422,385.772,-507.907
2040.75,1.15413,1.03734,692.151,384.057,-486.274
2042.39,1.12492,0.987113,677.233,407.647,-464.763
1994.09,0.964874,1.10935,698.221,426.781,-455.167
2305.16,1.18458,1.04624,715.557,434.355,-454.728
2460.01,1.14811,1.00388,692.915,437.529,-417.301
2270.98,0.977238,0.0545551,674.863,477.406,-430.908
2129.72,0.986795,1.0643,701.786,460.452,-430.163
1098.67,0.982835,0.951488,677.957,464.077,-426.313
2280.06,1.10538,0.937152,683.979,467.229,-421.895
1930.25,1.06488,0.942836,698.618,469.913,-441.209
2444.61,1.05716,0.970274,698.041,450.528,-448.36
2008.93,1.11295,1.15583,698.673,443.249,-433.635
2502.56,1.15008,1.05131,690.338,459.087,-415.95
1842.8,1.23597,1.06923,697.055,476.089,-426.941
2275.98,1.1347,1.07295,721.121,462.115,-398.927
2722.41,0.981152,1.12787,697.661,493.162,-452.2
2321.96,1.00406,1.15454,664.89,443.457,-413.314
1649.33,1.1513,1.06155,675.566,481.337,-429.533
1648.68,1.04525,0.961544,686.987,463.622,-401.243
1780.45,0.968012,1.09769,700.989,490.428,-407.125
2044.19,0.949012,1.05069,692.399,485.54,-406.742
1808.46,1.18179,0.987771,697.189,485.348,-404.179
2432.53,1.08386,0.970606,694.002,488.314,-400.763
2368.13,1.05953,0.885309,670.186,494.628,-411.875
2044.95,1.07685,1.09971,702.361,479.554,-363.812
2772.72,1.02325,1.07359,703.544,527.822,-399.715
2165.66,1.24602,1.09991,699.89,492.1,-409.373
2484.95,0.917694,0.174405,692.083,483.313,-408.912
2200.51,1.13389,1.00176,656.623,488.056,-464.361
2902.86,1.05219,1.04484,642.479,433.911,-462.941
2149.09,1.02446,1.12976,647.333,434.756,-436.528
2127.43,1.02865,1.16816,626.277,463.901,-435.976
2867.95,1.0421,0.140252,631.803,463.791,-446.492
2498.34,1.10434,1.09426,649.646,451.046,-439.044
2370.93,0.974032,1.26213,646.023,458.984,-433.871
2402.52,1.16982,1.07031,660.058,462.502,-438.779
2363.64,0.856716,1.04381,657.532,457.863,-431.113
2458.46,1.04447,1.23788,639.031,467.817,-411.677
2198.22,0.91599,1.08335,646.207,486.527,-430.881
2365.48,1.0476,0.974692,625.219,469.716,-426.932
2144.53,1.00941,1.14483,636.919,472.282,-431.219
2377.25,1.09844,0.936767,651.791,466.171,-433.583
2400.12,1.16835,1.0122,618.495,467.806,-452.009
2286.44,1.1217,0.937805,637.205,446.989,-470.361
1615.47,1.09784,0.00753382,640.252,428.136,-449.332
2596.73,1.02027,1.05215,654.486,447.6,-455.656
1509.87,1.14769,0.84305,669.766,439.388,-453.178
2274.29,1.05602,1.10867,707.796,437.295,-470.337
1717.72,1.23687,1.01923,712.445,419.451,-468.105
1757.62,1.15158,1.04347,701.491,423.021,-425.648
1954.79,1.12981,1.12313,695.423,466.518,-454.896
2448.22,1.05819,1.33177,692.78,437.377,-463.87
2264.38,1.02438,1.17299,711.441,426.086,-460.965
2145.39,1.20725,1.05889,691.685,431.395,-463.079
2222.56,1.09987,1.19657,675.887,431.172,-450.78
2855.93,1.03124,1.15719,679.75,443.095,-454.41
2444.04,1.17548,1.06229,691.579,438.011,-452.499
2809.05,1.06792,1.13257,708.142,437.937,-454.884
2605.25,1.05949,1.18872,707.679,435.591,-449.259
2688.94,0.988003,1.03955,725.392,439.12,-452.72
2498.21,1.05349,0.992949,693.317,439.504,-462.692
3175.3,1.03743,0.967771,705.281,428.015,-482.161
1965.86,1.04195,1.25628,695.21,409.621,-470.153
1795.28,1.1199,1.02784,692.519,422.04,-487.872
748.106,1.20504,1.10615,775.467,394.185,-509.811
827.288,1.2201,0.821982,718.679,378.939,-509.929
896.634,1.21617,0.920165,703.764,380.619,-523.125
1056.91,1.09367,0.835947,740.738,362.867,-497.344
926.708,0.768506,0.896525,734.539,389.582,17394.7
193.245,1.11886,439.325,738.884,18410.9,-461.967
341.533,1.18916,1.41534,670.205,432.976,-588.324
688.356,0.937497,0.097647,718.106,299.923,-545.864
775.351,1.19866,0.699004,777.748,335.496,-499.691
967.06,0.97138,1.1323,710.929,390.065,-519.379
671.771,1.06373,1.17372,722.613,368.824,-499.911
593.422,1.33813,1.00893,735.903,386.831,-518.828
614.969,1.32477,0.919236,717.697,369.973,-972.102
0,0,0,0,0,-485.376
715.535,0.895518,1.00347,773.435,396.943,-467.513
848.337,1.19469,0.969703,758.196,416.774,-511.247
860.729,0.954535,1.08161,742.883,374.57,-491.672
634.165,0.931404,1.05936,756.512,392.643,-511.812
866.998,0.835029,0.884651,742.733,374.019,-443.217
866.292,0.888419,0.701016,756.37,441.466,-461.297
692.398,0.939069,1.43293,749.644,424.066,-482.547
1010.18,1.06899,0.857114,719.086,406.349,-497.589
665.448,1.27713,1.00191,758.518,386.441,-500.036
1261.26,1.29217,0.98556,758.072,384.03,-485.736
1441.9,1.00238,1.1883,730.424,401.769,-475.065
1558.9,1.08044,1.1904,743.079,410.991,-514.71
1486.82,1.13649,0.961062,761.368,368.852,-485.612
1365.91,0.974603,1.07592,737.615,401.027,-535.521
505.192,1.22524,0.72486,720.293,352.845,-498.153
826.908,1.1736,1.22323,723.283,390.124,-469.215
1093.36,1.11694,0.846221,719.103,419.776,-504.698
1082.25,1.08376,1.09284,735.474,382.06,-509.278
1261.75,1.11099,0.914374,737.055,377.257,-489.551
723.329,1.23978,1.12388,735.163,397.354,-486.042
970.559,1.02586,0.866167,727.379,401.828,-464.199
1138.59,0.96753,1.11667,734.132,423.015,-475.24
1341.69,0.902833,0.964091,706.436,415.235,1751.19
1059.82,0.531375,5.91355,186.937,2720.48,-499.404
887.544,1.22649,1.10656,733.836,387.59,-482.878
1168.02,1.11849,1.03824,739.403,403.564,-491.69
771.558,0.999873,0.850071,713.137,397.857,-972.101
0,0,0,0,0,-475.06
578.44,0.834166,0.860147,736.069,411.842,-486.488
910.731,1.00672,1.08016,742.145,399.598,-506.334
1096.36,1.0305,0.938778,727.903,381.326,-485.318
813.268,1.15173,0.914939,742.308,400.757,-486.124
1213.1,1.29543,0.935157,735.824,400.727,-467.39
701.684,1.14412,1.00936,717.024,421.865,-475.149
750.395,1.13055,0.870843,771.998,407.418,-471.303
877.569,0.950367,1.08454,718.519,417.743,-519.448
693.283,1.2243,1.01256,751.88,365.224,-427.069
609.177,1.10614,1.24887,703.401,464.122,-479.491
615.552,1.12106,0.959609,765.316,403.85,-504.806
648.21,1.17937,0.78003,751.849,379.975,-442.763
453.701,0.995831,1.49791,721.584,446.121,-477.985
769.606,0.855317,1.25913,725.604,410.158,-478.268
726.766,0.937469,1.08172,693.287,413.772,-511.191
417.219,1.24413,0.814507,742.588,374.662,-510.793
609.355,1.05298,1.05088,734.041,376.094,-972.101
0,0,0,0,0,-972.101
0,0,0,0,0,-500.642
629.819,0.796992,1.06827,726.449,387.234,-972.101
0,0,0,0,0,-972.101
0,0,0,0,0,-481.293
918.917,0.935986,1.09084,743.081,404.718,-491.038
1456.04,0.936397,1.11464,719.18,397.785,-505.281
1110.57,0.913484,1.27252,778.159,376.323,-522.204
595.736,1.27905,1.01922,776.99,359.418,-469.564
815.567,1.23993,0.98162,785.485,411.415,-471.685
1172.09,0.913051,1.10833,776.243,410.394,-371.533
964.426,1.11305,0.985138,765.852,512.526,-418.956
1001.49,1.10476,0.864694,756.71,465.862,-972.101
0,0,0,0,0,-421.466
758.915,0.739574,1.05554,781.616,460.329,-442.509
975.504,1.02132,0.947343,750.77,442.855,-430.845
778.712,1.08823,0.947419,780.95,450.962,-435.204
1410.77,0.968956,0.850951,790.561,445.412,-390.389
1395.17,0.891413,1.17733,780.138,491.809,-423.417
1187.63,0.939776,1.12311,774.191,459.259,-385.888
993.218,0.650657,1.0606,797.829,494.209,-448.884
1011.45,1.04992,1.00061,772.711,433.787,-390.003
920.571,1.18305,0.860918,755.249,495.201,-395.644
1033.46,0.877866,1.01788,792.693,485.001,-400.124
742.384,1.22274,0.992672,790.743,480.724,-396.626
732.813,0.975565,0.936751,778.889,485.678,-413.951
851.482,0.982139,0.902588,791.632,466.69,-427.105
1239.04,1.00096,0.809237,784.617,454.287,-387.191
1112.13,1.19178,1.00518,787.2,494.178,-427.718
1164.29,0.980985,1.17731,773.148,455.053,-329.499
796.571,1.05075,1.28489,785.264,552.522,-410.306
831.254,0.633627,0.884256,778.64,471.929,-419.824
446.845,1.68241,1.07824,772.12,463.129,-415.573
624.565,0.772984,1.13197,758.777,469.021,-413.352
943.36,1.07551,0.748165,775.469,469.243,-423.354
1590.66,0.972915,1.05148,756.756,461.427,-414.047
1296.48,1.14243,1.00495,775.986,468.481,-397.284
1746.05,1.1059,0.993423,782.645,484.562,-401.847
899.392,1.25723,1.11393,797.273,478.202,-379.132
1988.01,1.05807,0.129923,803.63,500.314,-374.275
1464.39,0.128145,0.961898,781.773,507.843,-972.101
0,0,0,0,0,-386.88
1036.92,0.858104,0.952919,792.525,493.849,-416.266
1059.95,1.12817,0.888036,770.797,466.872,-396.828
1648.41,1.06497,0.915021,775.522,485.881,-419.374
832.518,0.96717,1.1886,778.33,462.833,-413.195
1112.75,1.26665,1.13722,792.439,467.354,-379.924
1886.3,1.01652,1.02332,769.546,503.629,-406.023
1653.98,1.08432,0.0473844,788.658,475.034,-390.612
1593.64,1.10759,0.937964,765.207,493.387,-403.284
1220.48,1.2513,1.06741,764.164,480.748,-414.423
1734.24,1.04149,0.861623,763.859,469.566,-393.643
1367.3,0.938891,1.01802,764.021,490.476,-972.101
0,0,0,0,0,-418.424
583.454,1.19705,0.920199,821.094,458.63,-410.293
1166.9,1.0379,1.19426,780.145,471.76,-418.243
1364.75,0.991283,0.985031,790.1,462.552,497.135
217.681,0.881207,2.02417,477.652,1422.26,-481.002
636.295,1.20202,0.690035,774.639,401.203,-972.101
0,0,0,0,0,-972.101
0,0,0,0,0,-404.978
1639.82,0.956364,1.04212,775.612,477.66,-407.407
1764.95,1.03036,1.16632,769.656,475.933,-399.288
1507.59,0.935031,1.18088,785.069,482.251,-381.548
2515.99,0.0517656,1.06947,798.763,498.468,-405.604
1669.54,0.788714,0.182262,773.021,477.343,-426.741
1701.64,1.28605,0.997228,780.467,455.154,-435.059
1479.54,1.12496,0.916672,794.966,445.027,-453.333
2382.44,0.124328,1.08049,767.158,429.975,-434.316
1210.89,1.04049,0.957169,776.736,447.974,-972.101
0,0,0,0,0,-392.297
1106.32,0.842957,1.03433,769.26,491.2,-428.055
3566.53,0.988084,0.12552,788.158,452.903,-419.857
891.443,1.16137,1.0688,787.699,461.216,-425.65
1008.15,1.03089,1.24701,782.1,456.056,-412.591
765.37,1.00437,1.03099,773.206,470.283,-367.291
796.741,0.985964,1.03608,801.057,512.552,-407.88
1389.63,0.962175,1.09034,772.126,475.158,-390.298
1630.35,0.128763,1.10338,783.995,491.436,-390.049
1375.96,1.00598,1.00114,777.204,492.506,-972.101
0,0,0,0,0,-415.09
1765.69,1.08767,0.98509,775.216,467.524,-393.329
2239.45,0.992047,1.18949,801.15,486.314,-414.092
2386.13,1.07372,0.987941,770.204,469.133,-410.973
1497.23,1.07986,0.0669792,759.912,473.516,-390.275
2473.02,1.0331,1.15693,789.71,490.77,-386.661
1550.98,1.08858,0.96011,790.348,494.333,-384.936
1488.25,1.17136,0.969501,782.389,497.031,-403.536
1471.24,0.999321,1.28419,798.06,476.405,-397.272
2351,1.07099,1.02321,791.459,483.511,-385.959
1697.13,1.04952,1.08552,777.922,496.539,-377.351
1721.19,0.910671,1.05209,796.711,502.942,-421.793
2444.83,1.02761,1.23933,775.147,460.78,-972.101
0,0,0,0,0,-423.928
2903.49,0.109619,1.05876,784.422,457.51,-398.383
1877.87,1.1872,1.14738,779.217,483.869,-400.365
1649.06,0.983415,1.15933,794.84,479.988,-434.742
1064.76,1.08352,0.922563,799.157,444.841,-351.876
686.851,1.17518,0.991203,827.876,524.842,-415.12
578.935,1.01593,1.37206,749.431,470.604,-414.328
832.403,1.04421,1.36253,787.056,466.863,-412.402
1728.3,0.968172,0.995552,792.934,468.093,-412.095
2721.96,1.13207,0.975086,777.914,470.214,-408.271
2667.65,1.03047,0.0158058,766.48,475.446,-411.094
9509.33,0.0437199,0.955517,778.549,471.146,-406.115
3274.89,0.977176,0.0160885,808.984,472.489,-396.736
2134.29,0.961761,1.06494,772.694,486.315,-972.101
0,0,0,0,0,-382.487
7221.2,24.4191,0.145379,3282.23,197.9,-408.321
1745.1,0.978998,0.0310148,802.604,471.037,-414.512
2090.55,1.04036,1.13546,773.057,468.366,-430.167
2855.44,1.06415,0.91134,788.963,450.678,-421.83
1903.75,1.05703,0.972928,784.401,459.626,-415.696
2370.54,1.10681,0.932142,796.897,464.297,-419.654
2474.6,1.00229,1.00744,782.39,462.061,-388.835
1667.26,1.24323,1.09332,776.231,493.846,-401.701
2462.02,1.13466,0.954194,790.048,479.22,-406.849
2293.86,1.10245,0.99658,790.225,474.013,-407.701
2200.06,0.96887,1.0656,770.51,475.533,-421.725
2334.31,1.11625,1.03552,777.309,460.587,-399.814
2018.43,0.91999,1.09468,778.747,482.485,-383.836
3265.02,1.205,0.995329,782.348,498.143,-408.835
1857.97,1.0289,0.0327898,750.403,476.817,-409.812
905.707,1.02404,1.25083,778.422,472.453,-395.663
1533.75,1.05437,1.20014,799.335,484.181,-441.799
2131.14,0.143507,1.03144,781.866,439.818,-406.446
1755.19,1.169,1.00286,763.385,477.657,-405.644
2562.05,0.136893,1.03172,770.65,477.589,-397.653
2104.68,1.10888,1.04205,790.266,483.271,-396.156
1798.34,1.03882,0.89039,773.074,486.853,-447.251
1194.49,1.32254,1.19647,763.515,436.541,-409.991
2409.55,1.0073,1.09688,778.548,472.257,-394.374
2553.49,1.19181,0.950964,793.183,486.222,-406.81
2238.44,1.10843,1.05923,776.171,475.749,-410.612
1742.33,0.943073,1.17274,777.611,471.745,-380.968
1415.93,1.01951,1.13105,790.725,500.022,-396.578
2637.51,1.0996,0.117472,763.273,487.61,-972.101
0,0,0,0,0,-972.101
0,0,0,0,0,-405.192
1207.08,0.849726,0.954314,771.62,477.927,-972.101
0,0,0,0,0,-390.343
3364.26,0.0669592,0.866026,805.101,488.844,-386.246
413.798,1.19924,0.908858,840.933,488.647,-419.516
453.151,1.04093,0.864827,788.327,461.483,-972.101
0,0,0,0,0,-420.799
1353.62,0.950237,1.23452,782.124,460.939,-426.482
1125.15,0.999703,1.19692,814.886,451.262,-426.035
1970.65,1.11382,1.04722,770.971,457.011,-435.547
593.759,1.12175,1.1227,802.284,443.652,-972.101
0,0,0,0,0,-456.614
844.82,0.00727422,1.24485,775.205,425.7,-460.145
619.14,0.875421,1.27623,815.131,417.326,-420.655
918.956,1.15929,1.23193,816.771,456.904,-415.128
1009.37,1.17208,1.35189,787.925,465.952,-423.54
2382.19,1.08164,0.979565,793.696,456.783,-409.885
2321.29,0.864591,1.15016,804.571,469.224,-431.833
1853.48,1.12266,1.18099,808.662,446.623,-389.175
2294.61,1.12811,1.05579,814.551,488.88,-389.724
941.419,1.30888,0.837492,765.678,494.224,-972.101
0,0,0,0,0,-365.874
1640.92,0.964276,0.894916,828.256,510.697,-368.066
452.939,0.824742,1.14787,820.997,509.364,-377.717
4193.25,0.0826865,0.818155,925.302,487.06,-395.542
1072.35,1.08263,1.22941,815.835,482.312,-384.733
2301.5,0.0809735,1.15945,804.006,494.627,-390.565
1594.54,1.09201,0.936165,840.22,484.383,-397.442
1984.48,0.990437,1.09501,850.011,476.275,-972.101
0,0,0,0,0,-397.232
2398.82,0.936383,0.961076,830.012,478.9,-374.203
1561.69,1.1927,0.873233,845.279,500.254,-397.944
1916.02,1.12333,1.25872,838.255,477.188,-400.068
1939.48,1.20932,0.972492,839.165,474.939,-379.122
1234.97,1.16621,1.02227,813.592,499.122,-403.197
1041.79,0.866301,1.17794,833.471,472.474,-376.705
4492.91,0.645504,0.0755564,859.66,495.999,-405.46
1202.73,1.17096,0.966371,831.476,470.435,-372.771
1061.97,0.917535,0.778365,824.684,504.18,-370.113
582.752,0.96767,0.964432,845.446,504.353,-376.862
997.859,0.968711,1.2051,822.105,500.372,-378.906
1387.92,0.990942,0.987237,851.436,494.774,110.294
275.13,0.374989,0.0100699,75.4954,1081.14,-972.101
0,0,0,0,0,2.52765
152.311,0.0261024,0.234922,270.314,949.084,2841.93
317.952,2.76328,11.3496,2362.19,3556.7,-972.101
0,0,0,0,0,-972.101
0,0,0,0,0,-972.101
0,0,0,0,0,-404.04
1217.34,1.00615,1.17408,844.778,470.261,-400.925
1350.34,1.05429,0.788823,837.222,474.31,-406.431
1161.83,0.932801,1.19438,893.774,461.942,-261.654
1808.97,0.901008,0.0837825,848.694,613.208,-416.091
640.896,1.19585,0.930698,859.681,456.325,-414.112
691.096,0.955701,1.28291,877.381,456.183,-422.446
926.536,0.950575,1.51813,840.411,452.248,-386.863
1129.14,1.04786,1.1107,836.721,488.534,-410.032
1139.8,1.06947,1.08423,834.681,465.444,-439.36
418.984,1.13018,1.59458,889.383,429.303,-399.747
1690.47,1.01816,0.957018,853.969,473.476,-381.279
1610.3,1.05098,0.89899,840.039,493.758,-399.458
1361.99,1.05594,0.986894,884.926,470.033,-379.924
1306.86,0.978673,1.05021,871.351,491.346,-366.181
514.736,1.35638,1.24111,828.497,510.359,-420.25
1003.63,1.19168,1.01591,862.514,451.794,-441.438
1018.65,1.26217,0.994736,888.319,427.338,-401.171
702.876,0.863746,1.10054,878.541,469.077,-405.856
1803.69,1.00382,1.0103,872.148,465.13,-392.424
1548.6,1.06033,0.863862,835.679,483.059,-428.044
1802.19,1.1473,0.980267,860.931,444.134,-399.577
2203.12,1.01914,0.956361,864.257,472.406,-428.791
2295.88,0.691469,0.137552,834.326,446.591,-411.308
1743.88,1.19588,1.03237,864.743,460.531,-400.737
2584.8,0.971729,1.00511,856.785,472.139,-425.021
1879.25,1.14871,1.09468,850.498,448.438,-404.861
2813.28,1.01847,0.0401299,861.25,467.447,-972.101
0,0,0,0,0,-972.101
0,0,0,0,0,-405.185
1547.95,1.28244,1.09818,842.454,469.388,-409.818
1588.56,1.31684,1.05423,837.799,465.283,-415.454
1760.56,0.983377,1.02878,855.685,457.448,-408.805
2121.69,0.933152,1.15307,850.712,464.746,-417.457
2217.22,1.19248,1.01147,848.923,456.247,-409.924
2660.21,1.1317,1.00044,856.856,462.877,-394.211
1833.72,1.10561,0.993187,832.686,481.62,-420.466
1575.01,1.19165,0.994431,839.076,454.404,-388.831
824.485,0.963169,0.952856,866.727,482.932,-392.965
2198.05,1.01782,0.875912,842.138,481.735,-420.809
1464.56,0.851297,1.0471,881.907,448.891,-411.195
1115.51,1.11413,1.05455,829.174,464.936,-394.664
1664.61,1.00151,1.24675,835.643,480.807,-407.706
1015.62,0.971242,1.1293,851.943,465.704,-426.76
1100.64,1.19551,0.918159,855.087,446.132,-405.035
992.007,0.938003,1.25269,820.29,472.213,-972.101
0,0,0,0,0,-409.948
607.834,1.10256,0.812705,838.482,465.07,-429.714
759.11,0.975904,1.35336,869.554,441.411,-420.403
658.983,1.13776,1.3015,855.954,452.431,-465.531
922.941,1.09229,1.12796,855.035,407.086,-422.866
1628.79,0.984099,1.06457,839.196,451.972,-366.732
407.963,1.07646,0.845533,846.191,507.668,-469.32
762.54,1.1505,0.886254,832.522,405.987,-429.557
1573.61,1.07681,0.971485,840.906,445.026,-431.576
630.268,1.06295,1.28382,823.305,445.116,-414.861
1114.39,1.14141,1.00199,853.007,458.369,-419.726
1206.79,1.19302,0.916604,833.261,455.851,-407.707
846.424,1.0008,1.01143,850.974,465.82,-421.113
925.477,1.28064,0.911924,867.715,450.296,-428.55
1069.82,1.05985,1.16355,851.491,444.763,-433.919
1193.68,0.861236,0.973596,833.501,441.525,-452.975
1497.92,1.07199,1.18266,842.107,421.293,-425.271
1565.05,1.1462,0.920685,832.685,450.335,-430.332
1141.87,1.16023,1.01007,849.178,443.247,-453.085
1244.89,1.07138,1.2444,828.432,422.832,-400.116
1132.31,1.05369,0.80387,837.484,475.094,-469.996
1116.86,1.05141,0.964214,838.775,404.551,-413.294
1050,1.00274,1.02096,832.522,462.418,-448.514
1025.06,1.06441,0.933865,830.179,427.226,-439.52
1197.36,1.02696,0.836052,796.428,440.357,-972.101
0,0,0,0,0,-427.723
2410.76,0.944223,0.921979,823.849,448.931,-398.305
3164.62,1.13879,0.997139,811.876,480.007,-411.124
3007.66,1.0445,0.996196,829.401,464.98,-431.093
1672.55,0.00570661,0.931228,762.218,452.973,-429.59
1361.29,1.04268,1.2496,823.094,447.142,-428.207
6496.25,0.0512842,0.0868511,779.349,453.812,-404.959
995.569,0.836222,0.996276,777.765,477.42,-421.843
1138.75,0.898382,1.03238,818.76,455.468,-403.557
916.751,1.05902,0.877339,824.413,473.204,-394.474
2131.9,1.08662,0.911697,788.78,486.652,-397.976
1548.82,0.0136163,1.02109,818.482,479.541,-432.973
1623.48,1.12341,0.959586,817.146,444.451,-409.886
1735.95,1.07659,0.82205,789.856,470.999,-440.116
1287.23,1.05548,1.01561,815.473,437.458,-418.363
2400.64,1.06553,0.8171,806.489,460.453,-425.673
2429.47,1.02627,1.18235,812.665,452.345,-429.158
2314.52,0.910616,1.05292,800.165,450.343,-438.764
2233.66,1.13573,0.858505,795.892,441.183,-972.101
0,0,0,0,0,-428.237
3957.41,1.06677,0.970723,799.938,451.298,-441.378
3573.26,1.07349,0.956365,798.253,438.265,-425.107
1806.6,1.00157,1.10924,806.223,453.693,-433.776
2904.48,0.93249,1.04468,803.957,445.234,-424.557
3279.06,1.02738,1.17188,799.139,455.101,-442.63
1199.59,1.29555,1.05585,822.475,434.082,-409.994
2302.19,0.720365,0.0503561,823.056,466.884,-417.23
3144.63,0.988261,1.10299,806.88,461.548,-435.128
3186.91,1.08949,0.945459,792.912,445.205,-416.383
1609.12,1.15996,0.950893,791.284,464.282,-439.08
2414.16,1.07211,0.971498,809.089,439.273,-436.715
2015.81,0.897897,1.1138,802.053,442.503,-398.795
907.839,1.2645,0.819518,832.395,477.038,-429.503
1141.16,1.07243,0.899751,825.49,446.94,-416.482
1069.71,1.0028,1.10825,798.711,463.286,-399.051
2014.83,0.849848,0.0147694,837.09,476.213,-404.778
1733.83,1.09692,1.01419,782.435,477.039,-463.948
855.08,1.09357,1.12656,839.722,410.528,-448.703
620.05,0.882783,1.11875,743.076,437.544,-391.704
478.381,1.26847,0.936033,818.521,485.855,449.934
256.604,0.314478,1.24753,314.707,1394.38,-403.362
1538.05,1.02195,0.785791,816.986,474.297,-436.94
1229.77,0.947481,0.788169,802.748,442.193,-393.426
918.532,1.0746,0.944368,817.887,484.196,-404.505
1067.26,0.766799,1.18157,778.203,477.825,-423.301
1059.32,0.953859,1.24969,834.615,452.087,-427.057
1254.45,0.860615,1.20944,792.165,453.425,-407.982
1663.28,0.977629,1.10609,805.332,471.049,-432.209
1246.43,1.05097,1.11653,770.726,450.822,-429.992
1108.21,1.13032,0.977102,775.944,452.425,-428.108
1718.01,0.926014,1.2011,802.064,451.172,-429.429
1670.03,0.947103,1.09302,804.501,449.547,-431.025
1655.79,0.999956,1.21207,801.725,448.274,-439.705
6657.02,0.0317929,1.08838,798.372,439.936,-446.786
1225.57,1.09621,0.989503,780.653,434.941,-405.857
1296.03,0.932847,1.13706,801.845,473.61,-396.031
917.788,0.917003,1.28878,806.04,483.002,-433.288
1983.61,0.996101,1.19555,802.134,445.945,-423.326
1435.88,1.15818,0.976387,798.367,456.434,-413.127
1204.42,0.905684,1.30804,820.01,464.096,-972.101
0,0,0,0,0,-472.402
279.029,0.829311,1.66232,837.608,402.268,-410.215
1139.8,0.999714,1.17,809.35,468.315,-417.59
1139.49,1.15008,0.909388,770.339,465.593,-438.751
1107.64,0.991619,1.12553,794.065,441.416,-444.161
1246.19,1.15675,1.00212,814.709,433.477,-442.707
1274.22,1.06975,0.962342,798.987,436.838,-431.622
1508.27,1.05814,0.878346,783.825,449.833,-440.975
1262.24,1.11254,1.204,817.055,436.403,-972.101
0,0,0,0,0,-421.36
976.197,1.05196,0.831856,814.603,456.456,-466.492
799.194,0.839191,1.17311,786.914,414.336,-433.517
869.49,0.834447,1.39291,803.108,445.598,-424.771
620.068,1.38196,0.774541,848.981,448.873,-410.081
556.269,1.14419,0.843068,773.916,472.725,-443.863
843.853,1.0889,0.900783,801.523,435.368,-972.101
0,0,0,0,0,-972.101
0,0,0,0,0,-972.101
0,0,0,0,0,315.966
212.499,0.896576,0.692984,394.737,1249.78,-972.101
0,0,0,0,0,-466.471
629.357,0.989524,0.855744,841.907,407.723,-416.857
583.771,0.750412,1.23274,795.666,463.276,-401.202
778.272,1.07042,1.02779,800.959,478.406,-437.823
993.344,1.07404,0.897166,811.76,440.217,-418.001
1138.42,0.689398,1.01951,804.781,461.024,-427.739
794.535,1.02461,1.19837,807.197,450.924,-428.808
2694.18,1.10489,1.01029,802.284,450.44,-421.505
2559.97,1.17626,1.04952,808.254,457.075,-725.549
138.86,0.00504135,0.572987,1032.18,123.811,-416.996
586.241,0.813785,0.77123,843.643,457.348,-144.614
137.536,0.0130348,0.120042,311.558,795.899,-209.659
4306.37,0.155348,0.064218,1162.63,627.703,-434.753
3085.59,1.00298,1.08608,807.445,443.83,-414.282
2587.22,0.887834,0.0598479,823.873,462.466,-439.068
1513.9,0.117147,0.589169,800.349,440.339,-426.029
1675.08,1.09999,1.21193,820.876,450.996,-478.24
1215.78,0.0162154,0.918158,826.938,397.676,-447.53
742.279,0.730777,0.855006,795.73,432.373,-427.2
1383.44,0.988358,1.20001,787.695,453.819,-391.918
647.6,0.987732,1.23389,835.797,483.555,-403.901
1694.08,0.867823,0.916677,792.89,476.661,-463.712
1269.24,0.778074,1.0561,759.404,420.456,-413.566
568.883,0.724264,1.12695,770.638,469.61,-972.101
0,0,0,0,0,-972.101
0,0,0,0,0,-446.586
1625.59,0.960067,1.11364,814.101,431.107,-425.076
612.175,1.13792,0.659364,785.225,456.257,-400.178
856.923,0.11392,0.728701,778.273,482.174,-445.799
1674.12,1.10251,1.00223,784.152,435.514,-407.683
1224.85,1.05622,0.981799,815.239,470.155,-427.36
1140.52,1.10152,0.906443,822.891,449.412,-418.425
768.753,1.11405,0.835656,807.575,460.26,-972.101
0,0,0,0,0,-420.95
2222.39,0.986741,0.97052,787.553,460.132,-444.028
1320.89,0.912495,1.09985,796.44,435.815,-469.294
2268.98,0.0602203,0.892726,784.74,411.777,-472.216
645.552,0.959266,0.682995,813.104,405.412,320.891
410.445,0.189172,0.325236,941.205,1188.82,-438.956
1757.32,1.01414,1.00783,800.347,440.452,-429.995
460.008,0.705143,0.692495,913.271,435.855,-429.32
476.594,1.01758,0.680038,801.617,450.005,-972.101
0,0,0,0,0,-427.282
1721.24,1.10148,1.2632,795.083,452.846,-972.101
0,0,0,0,0,-452.757
1278.32,1.12186,0.960977,787.48,428.104,-420.424
5702.67,0.307729,0.852732,866.282,451.164,-431.68
2311.92,0.949003,1.10859,801.103,447.69,-429.94
2103.47,0.983881,1.10234,811.571,448.179,-413.837
1142.98,1.12008,0.821993,800.3,465.759,2173.04
2407.6,0.426496,5.77591,1727.61,2959.52,-446.122
1656.71,1.0751,1.00658,812.66,431.749,-434.762
1887.97,1.17851,1.10824,815.631,442.833,-429.951
3280.71,0.922863,1.09883,808.8,448.503,-415.96
2930.54,1.04025,1.09349,796.465,464.083,-413.571
2262.15,1.18497,1.03582,805.693,465.377,-423.35
1538.93,1.11787,0.979707,815.597,454.331,-436.108
1777.53,0.080396,0.88796,785.331,445.132,-434.625
3055.94,0.995476,0.997454,825.433,441.788,-418.207
2291.36,1.17325,1.08717,811.494,460.007,-424.539
6954.43,0.101949,0.922648,816.177,453.064,-436.973
2054.71,1.22365,1.03133,801.172,442.35,-407.047
2718.96,1.00972,0.94615,809.31,471.511,-429.969
2594.05,1.09689,0.965886,800.703,449.461,-431.03
2425.21,1.29067,1.06001,806.176,447.732,-428.762
2700.24,0.985985,1.06532,814.317,449.035,-443.763
2554.48,1.19694,1.03036,792.725,436.529,-470.33
890.065,0.938624,0.775071,809.98,407.689,-460.085
661.925,0.868459,0.97163,806.614,418.414,-425.885
18052.7,0.118753,0.922342,832.549,449.733,-445.149
2623.38,1.15907,0.966242,817.146,432.187,-437.952
1120.69,0.858776,0.766372,784.64,443.358,-443.175
33430.4,0.121899,0.136911,823.087,433.459,-423.747
1782.08,1.2014,1.01221,804.141,455.314,-482.403
5550.68,0.983907,0.350505,800.302,396.696,-426.085
1484.86,1.13981,0.918599,817.662,451.327,-972.101
0,0,0,0,0,-972.101
0,0,0,0,0,-418.151
560.735,1.67729,1.40818,820.106,459.024,-377.657
986.39,1.12231,0.393174,808.552,501.205,-437.089
1881.32,1.1115,0.992261,797.933,442.624,-457.74
2052.43,0.99251,1.07542,807.332,420.689,-449.998
2241.23,1.02557,1.07504,803.396,428.962,-450.306
2260.99,0.971915,1.14075,818.566,426.822,-549.809
223.188,0.486519,0.725779,947.509,311.041,-430.517
840.223,1.07484,1.03457,837.776,444.437,-430.09
1330.21,0.879451,1.10523,798.399,449.617,-435.7
2208.26,1.00061,1.08598,801.712,443.567,-453.074
2613.34,1.01007,1.19931,815.066,424.456,-430.979
2305.97,1.00988,1.12201,790.204,449.711,-273.929
259.549,1.08333,0.0900273,699.069,618.894,-421.343
2882.17,0.063368,0.985467,802.964,457.877,-458.069
1479.65,1.02811,1.20948,797.461,421.549,-450.246
2306.44,0.971092,1.13677,786.569,430.743,-447.6
2699.94,1.11871,1.06042,794.231,432.483,-425.224
2338.59,1.01063,1.14502,800.68,454.244,-328.48
375.305,1.39468,0.778797,846.332,546.181,-972.101
0,0,0,0,0,-972.101
0,0,0,0,0,-447.933
560.762,0.91672,1.00167,766.215,435.528,-419.074
599.422,1.18936,1.05982,790.858,461.623,-445.696
1106.69,0.974292,0.885535,791.796,434.695,-402.622
746.645,0.75003,0.746577,817.175,475.019,-459.599
715.258,0.929,1.26009,797.005,420.063,-468.119
300.44,0.701584,1.55094,751.928,416.919,-447.595
481.44,0.79516,1.22339,807.83,430.848,169300
104.945,1.9842,2606.46,3901.78,171036,185.844
316.179,0.718844,0.314842,1317.57,1007.38,-972.105
0,0,0,0,0,1015.81
75.2201,0.533505,0.434477,634.73,1925.75,-658.026
174.901,0.120756,0.77467,127.003,301.034,-972.105
0,0,0,0,0,-972.105
0,0,0,0,0,-561.646
168.539,0.501574,0.222478,803.455,316.501,-435.13
932.302,0.974317,1.04762,818.587,442.109,-478.92
587.21,0.954309,0.766231,754.381,405.748,-972.105
0,0,0,0,0,-972.105
0,0,0,0,0,-480.052
732.998,0.998598,1.36222,769.487,402.785,-457.629
1206.52,1.08484,0.903038,807.709,420.759,-972.105
0,0,0,0,0,-972.105
0,0,0,0,0,-439.057
907.049,1.29325,1.06047,806.02,439.67,-459.83
790.63,1.1789,0.952548,780.183,421.863,-972.105
0,0,0,0,0,-972.105
0,0,0,0,0,-972.105
0,0,0,0,0,-972.105
0,0,0,0,0,-972.105
0,0,0,0,0,-972.105
0,0,0,0,0,-972.105
0,0,0,0,0,-972.105
0,0,0,0,0,-972.105
0,0,0,0,0,322.499
1828.28,0.2692,0.303022,1196.19,1159.68,-512.051
629.298,0.322411,0.436355,551.12,396.899,-972.105
0,0,0,0,0,-972.105
0,0,0,0,0,-972.105
0,0,0,0,0,-972.105
